<?xml version="1.0" encoding="UTF-8" ?>
<!DOCTYPE mapper
        PUBLIC "-//mybatis.org//DTD Mapper 3.0//EN"
        "http://mybatis.org/dtd/mybatis-3-mapper.dtd">
<mapper namespace="com.ls.project.dao.MenuDao">
    <select id="findAllMenuByUserId" resultType="com.ls.project.entity.Menu">
        select * from menu where menu.id in
        (SELECT role_menu.mid
        from role_menu
        where role_menu.rid in
        (select user_role.rid
        from user_role
        where user_role.uid = #{userId}))
        order by menu.id
    </select>

    <select id="findAllPermissionByUserId" resultType="string">
        select permission from menu where menu.id in
        (SELECT role_menu.mid
        from role_menu
        where role_menu.rid in
        (select user_role.rid
        from user_role
        where user_role.uid = #{userId}))
        order by menu.id
    </select>

    <select id="getAllMenus" resultType="com.ls.project.entity.Menu">
        select id,name_ch,parent_id
        from menu
        order by menu.id
    </select>

    <select id="getMenuByRoleId" resultType="java.lang.Integer">
        select rm.mid
        from role_menu rm
        where rm.rid=#{roleId} and rm.mid>6
        order by rm.id
    </select>
</mapper>
