<?xml version="1.0" encoding="UTF-8" ?>
<!DOCTYPE mapper
        PUBLIC "-//mybatis.org//DTD Mapper 3.0//EN"
        "http://mybatis.org/dtd/mybatis-3-mapper.dtd">
<mapper namespace="com.ls.project.dao.ToolStreamDao">
    <select id="getAllToolStreamByPage" resultType="com.ls.project.entity.ToolStream">
        select ts.id,ti.tool_code,ti.tool_name,ti.tool_location,ti.unit,ti.tool_status,wi.begin_time,wi.end_time
        from tool_stream ts,tool_info ti,worksheet_info wi
        where wi.worksheet_status = '1' and wi.id = ts.worksheet_id and ts.tool_id = ti.id
        <if test="keyWord != null">
            and ti.tool_name like concat('%',#{keyWord},'%')
        </if>
        ORDER BY ts.id
        <if test="page!=null and size!=null">
            limit #{page},#{size}
        </if>
    </select>

    <select id="getToolStreamTotal" resultType="java.lang.Long">
        select count(*)
        from tool_stream ts,tool_info ti,worksheet_info wi
        where wi.worksheet_status = '1' and wi.id = ts.worksheet_id and ts.tool_id = ti.id
        <if test="keyWord != null">
            and ti.tool_name like concat('%',#{keyWord},'%')
        </if>
    </select>
</mapper>
