<?xml version="1.0" encoding="UTF-8" ?>
<!DOCTYPE mapper
        PUBLIC "-//mybatis.org//DTD Mapper 3.0//EN"
        "http://mybatis.org/dtd/mybatis-3-mapper.dtd">
<mapper namespace="com.ls.project.dao.UserDao">

    <resultMap id="BaseResultMap" type="com.ls.project.entity.User">
        <id column="user_id" property="userId" jdbcType="INTEGER"/>
        <result column="user_sex" property="userSex" jdbcType="TINYINT"/>
        <result column="user_name" property="userName" jdbcType="VARCHAR"/>
        <result column="user_signature" property="userSignature" jdbcType="VARCHAR"/>
        <result column="name1" property="name" jdbcType="VARCHAR"/>
        <result column="enabled" property="enabled" jdbcType="VARCHAR"/>
        <result column="phone" property="phone" jdbcType="CHAR"/>
        <result column="user_avatar" property="userAvatar" jdbcType="VARCHAR"/>
        <result column="birthday" property="birthday" jdbcType="DATE"/>
    </resultMap>

    <resultMap id="usersInfo" type="com.ls.project.entity.User" extends="BaseResultMap">
        <collection property="role" ofType="com.ls.project.entity.Role">
            <id column="id" property="id"/>
            <result column="name2" property="name"/>
            <result column="name_ch" property="nameCh"/>
        </collection>
    </resultMap>
    
    <select id="queryUserByUserName" resultType = "com.ls.project.entity.User">
        select *
        from user
        where user_name=#{userName}
    </select>

    <update id="updateUser" parameterType="com.ls.project.entity.User">
        update user t
        <set>
            <if test="userName != null">
                user_name = #{userName},
            </if>
            <if test="birthday != null">
                birthday = #{birthday},
            </if>
            <if test="phone != null">
                phone = #{phone},
            </if>
            <if test="userSignature != null">
                user_signature = #{userSignature}
            </if>
        </set>
        where t.user_id = #{userId}
    </update>

    <update id="updateUserDetail" parameterType="com.ls.project.entity.User">
        update user t
        <set>
            <if test="name != null">
                name = #{name},
            </if>
            <if test="userSex != null">
                user_sex = #{userSex},
            </if>
            <if test="phone != null">
                phone = #{phone},
            </if>
            <if test="birthday != null">
                birthday = #{birthday},
            </if>
            <if test="enabled != null">
                enabled = #{enabled},
            </if>
            <if test="userSignature != null">
                user_signature = #{userSignature}
            </if>
        </set>
        where t.user_id = #{userId}
    </update>

    <update id="updateUserPassword">
        update user t
        set user_password = #{userPassword}
        where t.user_id = #{userId}
    </update>

    <update id="updateUserAvatar">
        update user t
        set  user_avatar= #{userAvatar}
        where t.user_id = #{userId}
    </update>

    <select id="getAllUsers" resultMap="usersInfo">
        SELECT u.user_id,u.user_sex,u.user_name,u.user_signature,u.user_avatar,u.`name` AS name1,u.phone,u.enabled,
                u.birthday,r.id,r.`name` AS name2,r.name_ch
        FROM USER u,role r,user_role ur
        WHERE u.user_id = ur.uid AND ur.rid = r.id
        <if test="keyWord!=null">
            and u.`name` like concat('%',#{keyWord},'%')
        </if>
        ORDER BY u.user_id
    </select>

    <select id="getTotal" resultType="java.lang.Long">
        select count(*) from user
        <where>
            <if test="keyWord!=null">
                and user.`name` like concat('%',#{keyWord},'%')
            </if>
        </where>
    </select>

    <delete id="deleteUser" parameterType="java.lang.Integer">
        delete from user
        where user.user_id=#{userId}
    </delete>
</mapper>
