<?xml version="1.0" encoding="UTF-8" ?>
<!DOCTYPE mapper
        PUBLIC "-//mybatis.org//DTD Mapper 3.0//EN"
        "http://mybatis.org/dtd/mybatis-3-mapper.dtd">
<mapper namespace="com.ls.project.dao.VehicleInfoDao">

    <resultMap id="BaseResultMap" type="com.ls.project.entity.VehicleInfo">
        <id column="id" property="id" jdbcType="INTEGER"/>
        <result column="vehicle_name" property="vehicleName" jdbcType="VARCHAR"/>
        <result column="vehicle_code" property="vehicleCode" jdbcType="VARCHAR"/>
        <result column="vehicle_location" property="vehicleLocation" jdbcType="INTEGER"/>
        <result column="create_time" property="createTime" jdbcType="DATE"/>
        <result column="modify_time" property="modifyTime" jdbcType="DATE"/>
        <result column="note" property="note" jdbcType="VARCHAR"/>
        <result column="vehicle_status" property="vehicleStatus" jdbcType="VARCHAR"/>
    </resultMap>

    <resultMap id="vehicleInfo" type="com.ls.project.entity.VehicleInfo" extends="BaseResultMap">
        <association property="warehouseInfo" javaType="com.ls.project.entity.WarehouseInfo">
            <id column="id1" property="id"/>
            <result column="name1" property="warehouseName"/>
        </association>
    </resultMap>

    <select id="getAllLocations" resultType="com.ls.project.entity.WarehouseInfo">
        select * from treasury_information where warehouse_type = 3
    </select>

    <select id="getAllVehicleInfoByPage" resultMap="vehicleInfo">
        SELECT vi.id,vi.vehicle_code,vi.vehicle_name,vi.vehicle_location,vi.create_time,vi.modify_time,vi.note,vi.vehicle_status,ti.id AS id1,ti.warehouse_name AS name1
        FROM vehicle_infomation vi,treasury_information ti
        WHERE vi.vehicle_location = ti.id
        <if test="keyWord != null">
            and vi.vehicle_name like concat('%',#{keyWord},'%')
        </if>
        ORDER BY vi.id
        <if test="page!=null and size!=null">
            limit #{page},#{size}
        </if>
    </select>

    <delete id="deleteVehicleById">
        delete from vehicle_infomation vi
        where vi.id = #{vehicleId}
    </delete>

    <update id="updateVehicleInfo" parameterType="com.ls.project.entity.VehicleInfo">
        update vehicle_infomation vi
        <set>
            <if test="vehicleCode != null">
                vehicle_code = #{vehicleCode},
            </if>
            <if test="vehicleName != null">
                vehicle_name = #{vehicleName},
            </if>
            <if test="vehicleLocation != null">
                vehicle_location = #{vehicleLocation},
            </if>
            <if test="modifyTime != null">
                modify_time = #{modifyTime},
            </if>
            <if test="note != null">
                note = #{note}
            </if>
        </set>
        where vi.id = #{id}
    </update>

    <insert id="saveVehicleInfo" useGeneratedKeys="true"
            keyProperty="id" keyColumn="id" parameterType="com.ls.project.entity.VehicleInfo">
            insert into
            vehicle_infomation(vehicle_name,vehicle_code,vehicle_location,note,create_time,modify_time,vehicle_status)
            values
            (#{vehicleName},#{vehicleCode},#{vehicleLocation},#{note},#{createTime},#{modifyTime},0)
    </insert>

    <select id="getVehicleTotal" resultType="java.lang.Long">
        select count(*) from vehicle_infomation vi
        <where>
            <if test="keyWord != null">
                and vi.vehicle_name like concat('%',#{keyWord},'%')
            </if>
        </where>
    </select>
</mapper>
