<?xml version="1.0" encoding="UTF-8" ?>
<!DOCTYPE mapper
        PUBLIC "-//mybatis.org//DTD Mapper 3.0//EN"
        "http://mybatis.org/dtd/mybatis-3-mapper.dtd">
<mapper namespace="com.ls.project.dao.VehicleStreamDao">
    <select id="getAllVehicleStreamByPage" resultType="com.ls.project.entity.VehicleStream">
        select vs.id,vi.vehicle_name,vi.vehicle_code,vi.vehicle_status,wi.begin_time,wi.end_time
        from vehicle_stream vs,vehicle_infomation vi,worksheet_info wi
        where wi.worksheet_status = '1' and wi.id = vs.worksheet_id and vs.vehicle_id = vi.id
        <if test="keyWord != null">
            and vi.vehicle_name like concat('%',#{keyWord},'%')
        </if>
        ORDER BY vs.id
        <if test="page!=null and size!=null">
            limit #{page},#{size}
        </if>
    </select>

    <select id="getVehicleStreamTotal" resultType="java.lang.Long">
        select count(*)
        from vehicle_stream vs,vehicle_infomation vi,worksheet_info wi
        where wi.worksheet_status = '1' and wi.id = vs.worksheet_id and vs.vehicle_id = vi.id
        <if test="keyWord != null">
            and vi.vehicle_name like concat('%',#{keyWord},'%')
        </if>
    </select>
</mapper>
